tn_counts,utn_counts,r2
1,1,0.0067126816576852395
6,5,0.0937246096795897
15,10,0.193427021242108
