"","tn_counts","r2"
"1",7,0.737802172674653
"2",7,0.736090051127303
"3",7,0.729958613975672
