tn_counts,utn_counts,r2
610,244,0.785833999048496
592,227,0.775609304850109
592,227,0.784437555086492
